times,z,d,h,v,nearest_labels,haptic_messages,buzzer_messages
0.43724870681762695,2.8341672222222223,nan,nan,nan,nan,nan,nan
0.5181818008422852,2.862,nan,nan,nan,nan,nan,nan
0.5776412487030029,2.8461333333333334,nan,nan,nan,nan,nan,nan
0.5916328430175781,2.8302666666666667,nan,nan,nan,nan,nan,nan
0.7334485054016113,2.829488888888889,nan,nan,nan,nan,nan,nan
0.7524538040161133,2.8461333333333334,nan,nan,nan,nan,nan,nan
0.877763032913208,2.841902222222222,nan,nan,nan,nan,nan,nan
0.88775634765625,2.8643966666666665,nan,nan,nan,nan,nan,nan
1.0344884395599365,2.886230555555555,nan,nan,nan,nan,nan,nan
1.0574991703033447,2.875585,nan,nan,nan,nan,nan,nan
1.1759350299835205,2.8670050000000002,nan,nan,nan,nan,nan,nan
1.1976163387298584,2.8709772222222223,nan,nan,nan,nan,nan,nan
1.312669038772583,2.8679583333333336,nan,nan,nan,nan,nan,nan
1.3324084281921387,2.8767766666666668,nan,nan,nan,nan,nan,nan
1.4790101051330566,2.8622383333333334,nan,nan,nan,nan,nan,nan
1.4900035858154297,2.8620794444444444,nan,nan,nan,nan,nan,nan
1.611628532409668,2.863906666666667,nan,nan,nan,nan,nan,nan
1.6276884078979492,2.9072038888888887,nan,nan,nan,nan,nan,nan
1.7798433303833008,2.8763,nan,nan,nan,nan,nan,nan
1.8008298873901367,2.8669255555555555,nan,nan,nan,nan,nan,nan
1.93532133102417,2.8635094444444444,nan,nan,nan,nan,nan,nan
1.9483139514923096,2.863747777777778,nan,nan,nan,nan,nan,nan
2.0639002323150635,2.8624766666666663,nan,nan,nan,nan,nan,nan
2.0778746604919434,2.862,nan,nan,nan,nan,nan,nan
2.2317373752593994,2.8626355555555554,nan,nan,nan,nan,nan,nan
2.2497291564941406,2.862715,nan,nan,nan,nan,nan,nan
2.3747406005859375,2.8747111111111114,nan,nan,nan,nan,nan,nan
2.397681951522827,2.8688322222222222,nan,nan,nan,nan,nan,nan
2.5418436527252197,2.8622383333333334,nan,nan,nan,nan,nan,nan
2.571826457977295,2.8622383333333334,nan,nan,nan,nan,nan,nan
2.6770756244659424,2.8702622222222223,nan,nan,nan,nan,nan,nan
2.853389024734497,2.863350555555556,nan,nan,nan,nan,nan,nan
2.874376058578491,2.862,nan,nan,nan,nan,nan,nan
3.004905939102173,2.863827222222222,nan,nan,nan,nan,nan,nan
3.018897533416748,2.863350555555556,nan,nan,nan,nan,nan,nan
3.1376938819885254,2.879001111111111,nan,nan,nan,nan,nan,nan
3.2788336277008057,2.8716922222222223,nan,nan,nan,nan,nan,nan
3.288844585418701,2.90061,nan,nan,nan,nan,nan,nan
3.4459128379821777,2.8622383333333334,nan,nan,nan,nan,nan,nan
3.480891466140747,2.8626355555555554,nan,nan,nan,nan,nan,nan
3.5797297954559326,2.864383333333333,nan,nan,nan,nan,nan,nan
3.598731517791748,2.8786833333333335,nan,nan,nan,nan,nan,nan
3.764512777328491,2.8720894444444443,nan,nan,nan,nan,nan,nan
3.7865002155303955,2.8640655555555554,nan,nan,nan,nan,nan,nan
3.9113245010375977,2.862,nan,nan,nan,nan,nan,nan
3.932318687438965,2.876617777777778,nan,nan,nan,nan,nan,nan
4.066169500350952,2.8636683333333335,nan,nan,nan,nan,nan,nan
4.0891499519348145,2.8621588888888887,nan,nan,nan,nan,nan,nan
4.176748991012573,2.8621588888888887,nan,nan,nan,nan,nan,nan
4.194419622421265,2.880748888888889,nan,nan,nan,nan,nan,nan
4.3394458293914795,2.862,nan,nan,nan,nan,nan,nan
4.518354415893555,2.862,nan,nan,nan,nan,nan,nan
4.545337677001953,2.862,nan,nan,nan,nan,nan,nan
4.642367362976074,2.8630327777777778,nan,nan,nan,nan,nan,nan
4.790835618972778,2.862,nan,nan,nan,nan,nan,nan
4.8178136348724365,2.862,nan,nan,nan,nan,nan,nan
4.928632020950317,2.862,nan,nan,nan,nan,nan,nan
4.945296049118042,2.862,nan,nan,nan,nan,nan,nan
5.0776894092559814,2.862,nan,nan,nan,nan,nan,nan
5.095760345458984,2.862,nan,nan,nan,nan,nan,nan
5.254522800445557,2.862,nan,nan,nan,nan,nan,nan
5.300496339797974,2.862,nan,nan,nan,nan,nan,nan
5.377212285995483,2.862,nan,nan,nan,nan,nan,nan
5.388207674026489,2.862,nan,nan,nan,nan,nan,nan
5.550951242446899,2.862,nan,nan,nan,nan,nan,nan
5.582935094833374,2.862,nan,nan,nan,nan,nan,nan
5.679594278335571,2.862,nan,nan,nan,nan,nan,nan
5.695584535598755,2.862,nan,nan,nan,nan,nan,nan
5.848786354064941,2.862,nan,nan,nan,nan,nan,nan
5.870773077011108,2.864303888888889,nan,nan,nan,nan,nan,nan
5.986498594284058,2.862,nan,nan,nan,nan,nan,nan
6.016005039215088,2.862,nan,nan,nan,nan,nan,nan
6.143821954727173,2.862,nan,nan,nan,nan,nan,nan
6.165808916091919,2.862,nan,nan,nan,nan,nan,nan
6.289031028747559,2.859025,nan,nan,nan,nan,nan,nan
6.311018943786621,2.862,nan,nan,nan,nan,nan,nan
6.4396867752075195,2.862,nan,nan,nan,nan,nan,nan
6.6008617877960205,2.858826666666667,nan,nan,nan,nan,nan,nan
6.622848272323608,2.862,nan,nan,nan,nan,nan,nan
6.752401828765869,2.858694444444444,nan,nan,nan,nan,nan,nan
6.772407054901123,2.862,nan,nan,nan,nan,nan,nan
6.912883043289185,2.8586283333333338,nan,nan,nan,nan,nan,nan
7.068727731704712,2.858694444444444,nan,nan,nan,nan,nan,nan
7.090730428695679,2.8544633333333334,nan,nan,nan,nan,nan,nan
7.181951284408569,2.8381999999999996,nan,nan,nan,nan,nan,nan
7.204421043395996,2.8419683333333334,nan,nan,nan,nan,nan,nan
7.351093053817749,2.832911111111111,nan,nan,nan,nan,nan,nan
7.516246795654297,2.8021033333333336,nan,nan,nan,nan,nan,nan
7.544206380844116,2.7968805555555556,nan,nan,nan,nan,nan,nan
7.653430223464966,2.796483888888889,nan,nan,nan,nan,nan,nan
7.82021951675415,2.804483333333333,nan,nan,nan,nan,nan,nan
7.838230609893799,2.8040866666666666,nan,nan,nan,nan,nan,nan
7.945811748504639,2.7236955555555555,nan,nan,nan,nan,nan,nan
7.959805250167847,2.717877777777778,nan,nan,nan,nan,nan,nan
8.127737760543823,2.7170183333333333,nan,nan,nan,nan,nan,nan
8.161716222763062,2.6706744444444444,nan,nan,nan,nan,nan,nan
8.27886414527893,2.7044572222222225,nan,nan,nan,nan,nan,nan
8.319839715957642,2.7225716666666666,nan,nan,nan,nan,nan,nan
8.408277034759521,2.6497172222222223,nan,nan,nan,nan,nan,nan
8.429265260696411,2.646543888888889,nan,nan,nan,nan,nan,nan
8.584177494049072,2.6803927777777776,nan,nan,nan,nan,nan,nan
8.60016393661499,2.635833888888889,nan,nan,nan,nan,nan,nan
8.727164506912231,2.6450894444444444,nan,nan,nan,nan,nan,nan
8.89008641242981,2.630545,nan,nan,nan,nan,nan,nan
8.922067403793335,2.624528888888889,nan,nan,nan,nan,nan,nan
9.013566493988037,2.6285616666666667,nan,nan,nan,nan,nan,nan
9.026562213897705,2.6289583333333333,nan,nan,nan,nan,nan,nan
9.181865453720093,2.625983333333333,nan,nan,nan,nan,nan,nan
9.205850601196289,2.632858888888889,nan,nan,nan,nan,nan,nan
9.334445238113403,2.6259172222222222,nan,nan,nan,nan,nan,nan
9.355428218841553,2.628165,nan,nan,nan,nan,nan,nan
9.47140121459961,2.625652777777778,nan,nan,nan,nan,nan,nan
9.486411571502686,2.6321316666666665,nan,nan,nan,nan,nan,nan
9.639064073562622,2.6240661111111114,nan,nan,nan,nan,nan,nan
9.661050081253052,2.624330555555556,nan,nan,nan,nan,nan,nan
9.784723043441772,2.6250577777777777,nan,nan,nan,nan,nan,nan
9.934727430343628,2.6249255555555555,nan,nan,nan,nan,nan,nan
9.951717138290405,2.629883888888889,nan,nan,nan,nan,nan,nan
10.080875396728516,2.6247933333333333,nan,nan,nan,nan,nan,nan
10.21170449256897,2.6259172222222222,nan,nan,nan,nan,nan,nan
10.244107007980347,2.6254544444444448,nan,nan,nan,nan,nan,nan
10.387253284454346,2.624,nan,nan,nan,nan,nan,nan
10.41120195388794,2.625983333333333,nan,nan,nan,nan,nan,nan
10.539721012115479,2.624,nan,nan,nan,nan,nan,nan
10.572699069976807,2.6247933333333333,nan,nan,nan,nan,nan,nan
10.714197874069214,2.620330555555556,nan,nan,nan,nan,nan,nan
10.821103811264038,2.624,nan,nan,nan,nan,nan,nan
10.84408712387085,2.6206894444444444,nan,nan,nan,nan,nan,nan
10.989561319351196,2.6218116666666664,nan,nan,nan,nan,nan,nan
11.00555157661438,2.6214749999999998,nan,nan,nan,nan,nan,nan
11.147038459777832,2.622933888888889,nan,nan,nan,nan,nan,nan
11.249297380447388,2.619006111111111,nan,nan,nan,nan,nan,nan
11.265380382537842,2.615471111111111,nan,nan,nan,nan,nan,nan
11.415176630020142,2.60784,nan,nan,nan,nan,nan,nan
11.433167934417725,2.5711433333333336,nan,nan,nan,nan,nan,nan
11.589618444442749,2.5756883333333334,nan,nan,nan,nan,nan,nan
11.61660099029541,2.6059883333333334,nan,nan,nan,nan,nan,nan
11.713241338729858,2.6207455555555557,nan,nan,nan,nan,nan,nan
11.878990411758423,2.624,nan,nan,nan,nan,nan,nan
11.889984846115112,2.6188938888888886,nan,nan,nan,nan,nan,nan
12.019065141677856,2.6213627777777777,nan,nan,nan,nan,nan,nan
12.043051481246948,2.609467222222222,nan,nan,nan,nan,nan,nan
12.17995810508728,2.6201283333333336,nan,nan,nan,nan,nan,nan
12.201935529708862,2.6236633333333335,nan,nan,nan,nan,nan,nan
12.306429147720337,2.6039683333333334,nan,nan,nan,nan,nan,nan
12.319740772247314,2.5990305555555557,nan,nan,nan,nan,nan,nan
12.461429357528687,2.586910555555556,nan,nan,nan,nan,nan,nan
12.478418350219727,2.594822222222222,nan,nan,nan,nan,nan,nan
12.622706890106201,2.6157516666666667,nan,nan,nan,nan,nan,nan
12.63668441772461,2.573107222222222,nan,nan,nan,nan,nan,nan
12.793768167495728,2.542133888888889,nan,nan,nan,nan,nan,nan
12.818753242492676,2.5243466666666667,nan,nan,nan,nan,nan,nan
12.910883665084839,2.5232244444444447,nan,nan,nan,nan,nan,nan
13.087340593338013,2.4489894444444444,nan,nan,nan,nan,nan,nan
13.116837739944458,2.4719949999999997,nan,nan,nan,nan,nan,nan
13.23274302482605,2.4455105555555554,nan,nan,nan,nan,nan,nan
13.25173044204712,2.4642516666666667,nan,nan,nan,nan,nan,nan
13.391726970672607,2.4369816666666666,nan,nan,nan,nan,nan,nan
13.41571307182312,2.459201666666667,nan,nan,nan,nan,nan,nan
13.517457962036133,2.437262222222222,nan,nan,nan,nan,nan,nan
13.530467748641968,2.4330538888888893,nan,nan,nan,nan,nan,nan
13.707184553146362,2.427442777777778,nan,nan,nan,nan,nan,nan
13.731169700622559,2.4621755555555556,nan,nan,nan,nan,nan,nan
13.813477277755737,2.435859444444444,nan,nan,nan,nan,nan,nan
13.833585500717163,2.4290700000000003,nan,nan,nan,nan,nan,nan
13.997609853744507,2.424132222222222,nan,nan,nan,nan,nan,nan
14.133748769760132,2.4262644444444446,nan,nan,nan,nan,nan,nan
14.165729284286499,2.4306972222222223,nan,nan,nan,nan,nan,nan
14.282055139541626,2.4309777777777777,nan,nan,nan,nan,nan,nan
14.452452659606934,2.422241111111111,nan,nan,nan,nan,nan,nan
14.47642970085144,2.422,nan,nan,nan,nan,nan,nan
14.599785327911377,2.422,nan,nan,nan,nan,nan,nan
14.757611751556396,2.422,nan,nan,nan,nan,nan,nan
14.776598691940308,2.4218558333333333,nan,nan,nan,nan,nan,nan
14.882045984268188,2.4191647222222223,nan,nan,nan,nan,nan,nan
15.053670406341553,2.374425,nan,nan,nan,nan,nan,nan
15.07765531539917,2.3480905555555553,nan,nan,nan,nan,nan,nan
15.188931941986084,2.325600555555556,nan,nan,nan,nan,nan,nan
15.204921245574951,2.3425161111111112,nan,nan,nan,nan,nan,nan
15.32852554321289,2.2957580555555555,nan,nan,nan,nan,nan,nan
15.349514961242676,2.2928747222222223,nan,nan,nan,nan,nan,nan
15.482056617736816,2.2717783333333332,nan,nan,nan,nan,nan,nan
15.50904393196106,2.266011666666667,nan,nan,nan,nan,nan,nan
15.615991592407227,2.252796388888889,nan,nan,nan,nan,nan,nan
15.648071765899658,2.2502975000000003,nan,nan,nan,nan,nan,nan
15.802215099334717,2.252652222222222,nan,nan,nan,nan,nan,nan
15.945536851882935,2.251450833333333,nan,nan,nan,nan,nan,nan
15.970521926879883,2.249,nan,nan,nan,nan,nan,nan
16.093019485473633,2.249,nan,nan,nan,nan,nan,nan
16.219448804855347,2.249,nan,nan,nan,nan,nan,nan
16.24206256866455,2.249,nan,nan,nan,nan,nan,nan
16.392976999282837,2.251258611111111,nan,nan,nan,nan,nan,nan
16.41896152496338,2.249,nan,nan,nan,nan,nan,nan
16.509588956832886,2.251450833333333,nan,nan,nan,nan,nan,nan
16.520599603652954,2.251498888888889,nan,nan,nan,nan,nan,nan
16.6957745552063,2.248625,nan,nan,nan,nan,nan,nan
16.738749265670776,2.2375416666666665,nan,nan,nan,nan,nan,nan
16.810760974884033,2.23775,nan,nan,nan,nan,nan,nan
16.819756269454956,2.2356666666666665,nan,nan,nan,nan,nan,nan
16.982512950897217,2.1717083333333336,nan,nan,nan,nan,nan,nan
16.99650478363037,2.1750833333333337,nan,nan,nan,nan,nan,nan
17.139843702316284,2.1447916666666664,nan,nan,nan,nan,nan,nan
17.161828994750977,2.1163333333333334,nan,nan,nan,nan,nan,nan
17.266010284423828,2.1128333333333336,nan,nan,nan,nan,nan,nan
17.279000997543335,2.1310416666666665,nan,nan,nan,nan,nan,nan
17.44493079185486,2.1076666666666664,nan,nan,nan,nan,nan,nan
17.494901180267334,2.1091666666666664,nan,nan,nan,nan,nan,nan
17.573073387145996,2.1096666666666666,nan,nan,nan,nan,nan,nan
17.591063499450684,2.1169583333333333,nan,nan,nan,nan,nan,nan
17.751079320907593,2.115625,nan,nan,nan,nan,nan,nan
17.769065856933594,2.1022083333333335,nan,nan,nan,nan,nan,nan
17.906030416488647,2.099,nan,nan,nan,nan,nan,nan
17.923022747039795,2.101625,nan,nan,nan,nan,nan,nan
18.02607798576355,2.1098333333333334,nan,nan,nan,nan,nan,nan
18.05006694793701,2.1010416666666667,nan,nan,nan,nan,nan,nan
18.177767992019653,2.089846666666667,nan,nan,nan,nan,nan,nan
18.33615207672119,2.0917222222222223,nan,nan,nan,nan,nan,nan
18.351141929626465,2.0917280555555555,nan,nan,nan,nan,nan,nan
18.491462230682373,2.0971441666666664,nan,nan,nan,nan,nan,nan
18.64453125,2.038448888888889,nan,nan,nan,nan,nan,nan
18.674513816833496,2.0584627777777778,nan,nan,nan,nan,nan,nan
18.793251514434814,2.0320444444444443,nan,nan,nan,nan,nan,nan
18.94342565536499,1.9938361111111111,nan,nan,nan,nan,nan,1
18.965413093566895,1.9883413888888888,nan,nan,nan,nan,nan,nan
19.077436208724976,1.9697480555555555,nan,nan,nan,nan,nan,nan
19.087414503097534,1.9692008333333333,nan,nan,nan,nan,nan,nan
19.244773626327515,1.9684730555555554,nan,nan,nan,nan,nan,nan
19.26875948905945,1.9698194444444443,nan,nan,nan,nan,nan,nan
19.40979838371277,1.968,nan,nan,nan,nan,nan,nan
19.431793689727783,1.968,nan,nan,nan,nan,nan,nan
19.552268743515015,1.9595811111111112,nan,nan,nan,nan,nan,nan
19.576253652572632,1.968,nan,nan,nan,nan,nan,nan
19.683326959609985,1.9570666666666665,nan,nan,nan,nan,nan,nan
19.70431160926819,1.968,nan,nan,nan,nan,nan,nan
19.840197801589966,1.968,nan,nan,nan,nan,nan,nan
19.868181228637695,1.968,nan,nan,nan,nan,nan,nan
20.003161191940308,1.968,nan,nan,nan,nan,nan,1
20.02615237236023,1.968,nan,nan,nan,nan,nan,nan
20.150038719177246,1.968,nan,nan,nan,nan,nan,nan
20.173025608062744,1.968,nan,nan,nan,nan,nan,nan
20.28374409675598,1.968,nan,nan,nan,nan,nan,nan
20.299712896347046,1.967742222222222,nan,nan,nan,nan,nan,nan
20.43417525291443,1.9425122222222222,nan,nan,nan,nan,nan,nan
20.457133531570435,1.9420611111111112,nan,nan,nan,nan,nan,nan
20.587678909301758,1.9564322222222221,nan,nan,nan,nan,nan,nan
20.74536943435669,1.8799966666666668,nan,nan,nan,nan,nan,nan
20.769384145736694,1.8932444444444445,nan,nan,nan,nan,nan,nan
20.879947185516357,1.8738788888888889,nan,nan,nan,nan,nan,nan
21.03754687309265,1.858798888888889,nan,nan,nan,nan,nan,1
21.050559520721436,1.8745555555555558,nan,nan,nan,nan,nan,nan
21.203702688217163,1.8658555555555556,nan,nan,nan,nan,nan,nan
21.2276873588562,1.857928888888889,nan,nan,nan,nan,nan,nan
21.34900188446045,1.8599911111111112,nan,nan,nan,nan,nan,nan
21.374988794326782,1.8560922222222223,nan,nan,nan,nan,nan,nan
21.500874996185303,1.852,nan,nan,nan,nan,nan,nan
21.62568473815918,1.852,nan,nan,nan,nan,nan,nan
21.64966583251953,1.852,nan,nan,nan,nan,nan,nan
21.7996826171875,1.852,nan,nan,nan,nan,nan,nan
21.826666116714478,1.852,nan,nan,nan,nan,nan,nan
21.94953727722168,1.852,nan,nan,nan,nan,nan,nan
21.971526861190796,1.852,nan,nan,nan,nan,nan,nan
22.093242406845093,1.852,nan,nan,nan,nan,nan,1
22.247183322906494,1.8515994444444446,nan,nan,nan,nan,nan,nan
22.270169019699097,1.852,nan,nan,nan,nan,nan,nan
22.376384735107422,1.8300838888888888,nan,nan,nan,nan,nan,nan
22.390358686447144,1.8174949999999999,nan,nan,nan,nan,nan,nan
22.520944833755493,1.8091977777777777,nan,nan,nan,nan,nan,nan
22.541805744171143,1.8071949999999999,nan,nan,nan,nan,nan,nan
22.702301502227783,1.777897222222222,nan,nan,nan,nan,nan,nan
22.738275289535522,1.7676830555555554,nan,nan,nan,nan,nan,nan
22.829782485961914,1.768369722222222,nan,nan,nan,nan,nan,nan
22.85176944732666,1.7641066666666665,nan,nan,nan,nan,nan,nan
23.00796413421631,1.7509169444444443,nan,nan,nan,nan,nan,1
23.02995204925537,1.751803888888889,nan,nan,nan,nan,nan,nan
23.13929033279419,1.752318888888889,nan,nan,nan,nan,nan,nan
23.15538740158081,1.7554661111111112,nan,nan,nan,nan,nan,nan
23.343173027038574,1.7524905555555557,nan,nan,nan,nan,nan,nan
23.36316180229187,1.7516322222222223,nan,nan,nan,nan,nan,nan
23.458911657333374,1.749,nan,nan,nan,nan,nan,nan
23.484896421432495,1.749,nan,nan,nan,nan,nan,nan
23.598448991775513,1.749,nan,nan,nan,nan,nan,nan
23.618435382843018,1.749,nan,nan,nan,nan,nan,nan
23.774335384368896,1.749,nan,nan,nan,nan,nan,nan
23.7943274974823,1.749,nan,nan,nan,nan,nan,nan
23.89762043952942,1.749,nan,nan,nan,nan,nan,nan
23.922607421875,1.749,nan,nan,nan,nan,nan,1
24.03847026824951,1.749,nan,nan,nan,nan,nan,nan
24.055460929870605,1.749,nan,nan,nan,nan,nan,nan
24.2042133808136,1.749,nan,nan,nan,nan,nan,nan
24.229186296463013,1.749,nan,nan,nan,nan,nan,nan
24.344974279403687,1.749,nan,nan,nan,nan,nan,nan
24.362964153289795,1.749,nan,nan,nan,nan,nan,nan
24.504401683807373,1.749,nan,nan,nan,nan,nan,nan
24.524389028549194,1.749,nan,nan,nan,nan,nan,nan
24.645345449447632,1.7426366666666668,nan,nan,nan,nan,nan,nan
24.81595015525818,1.7228311111111112,nan,nan,nan,nan,nan,1
24.837937593460083,1.7368866666666667,nan,nan,nan,nan,nan,nan
24.953806400299072,1.7192277777777778,nan,nan,nan,nan,nan,nan
25.134704113006592,1.6759111111111111,nan,nan,nan,nan,nan,nan
25.171683311462402,1.679591111111111,nan,nan,nan,nan,nan,nan
25.26372790336609,1.6591977777777778,nan,nan,nan,nan,nan,nan
25.28671407699585,1.6570766666666665,nan,nan,nan,nan,nan,nan
25.40833020210266,1.657,nan,nan,nan,nan,nan,nan
25.43132710456848,1.657,nan,nan,nan,nan,nan,nan
25.55768918991089,1.657,nan,nan,nan,nan,nan,nan
25.579678535461426,1.657,nan,nan,nan,nan,nan,nan
25.706935167312622,1.6498883333333334,nan,nan,nan,nan,nan,1
25.71994686126709,1.6556191666666666,nan,nan,nan,nan,nan,nan
25.859736919403076,1.6374780555555555,nan,nan,nan,nan,nan,nan
26.026204347610474,1.6003525,nan,nan,nan,nan,nan,nan
26.05118727684021,1.5922263888888888,nan,nan,nan,nan,nan,nan
26.15113067626953,1.5801097222222222,nan,nan,nan,nan,nan,nan
26.291053295135498,1.5754755555555555,nan,nan,nan,nan,nan,nan
26.312047004699707,1.5753833333333334,nan,nan,nan,nan,nan,nan
26.445961713790894,1.574253611111111,nan,nan,nan,nan,nan,nan
26.46595072746277,1.574,nan,nan,nan,nan,nan,nan
26.59287738800049,1.574,nan,nan,nan,nan,nan,1
26.608867645263672,1.574,nan,nan,nan,nan,nan,nan
26.74379014968872,1.574,nan,nan,nan,nan,nan,nan
26.88471221923828,1.5689791666666668,nan,nan,nan,nan,nan,nan
26.904698133468628,1.5418333333333332,nan,nan,nan,nan,nan,nan
27.048189401626587,1.5184583333333332,nan,nan,nan,nan,nan,nan
27.19993805885315,1.5060208333333334,nan,nan,nan,nan,nan,nan
27.356741428375244,1.499,nan,nan,nan,nan,nan,1
27.377726554870605,1.499,nan,nan,nan,nan,nan,nan
27.497961282730103,1.499,nan,nan,nan,nan,nan,nan
27.51694917678833,1.499,nan,nan,nan,nan,nan,nan
27.638125896453857,1.497281111111111,nan,nan,nan,nan,nan,nan
27.81072974205017,1.4736322222222222,nan,nan,nan,nan,nan,nan
27.839715242385864,1.4850411111111113,nan,nan,nan,nan,nan,nan
27.96209955215454,1.4674177777777777,nan,nan,nan,nan,nan,nan
27.99307084083557,1.4503233333333332,nan,nan,nan,nan,nan,nan
28.10893154144287,1.4370633333333334,nan,nan,nan,nan,nan,1
28.14591121673584,1.43865,nan,nan,nan,nan,nan,nan
28.27731490135193,1.4361755555555555,nan,nan,nan,nan,nan,nan
28.304299354553223,1.4331533333333335,nan,nan,nan,nan,nan,nan
28.421600818634033,1.4312455555555554,nan,nan,nan,nan,nan,nan
28.44659113883972,1.431,nan,nan,nan,nan,nan,nan
28.54051637649536,1.431,nan,nan,nan,nan,nan,nan
28.552544593811035,1.431,nan,nan,nan,nan,nan,nan
28.719828128814697,1.431,nan,nan,nan,nan,nan,nan
28.735817670822144,1.4307933333333334,nan,nan,nan,nan,nan,nan
28.878397703170776,1.4241627777777779,nan,nan,nan,nan,nan,1
28.90238332748413,1.414415,nan,nan,nan,nan,nan,nan
29.016156435012817,1.3742872222222222,nan,nan,nan,nan,nan,nan
29.048136711120605,1.3797811111111111,nan,nan,nan,nan,nan,nan
29.13771963119507,1.3729955555555555,nan,nan,nan,nan,nan,nan
29.152732133865356,1.3694133333333334,nan,nan,nan,nan,nan,nan
29.313711166381836,1.3693272222222221,nan,nan,nan,nan,nan,nan
29.334697723388672,1.3692066666666667,nan,nan,nan,nan,nan,nan
29.473559141159058,1.369,nan,nan,nan,nan,nan,nan
29.632203578948975,1.3669733333333334,nan,nan,nan,nan,nan,1
29.657187938690186,1.3639966666666667,nan,nan,nan,nan,nan,nan
29.74800157546997,1.3535466666666667,nan,nan,nan,nan,nan,nan
29.91608238220215,1.3257433333333333,nan,nan,nan,nan,nan,nan
29.933080434799194,1.3258066666666666,nan,nan,nan,nan,nan,nan
30.062916040420532,1.3126491666666666,nan,nan,nan,nan,nan,nan
30.079880952835083,1.3155625,nan,nan,nan,nan,nan,nan
30.221895456314087,1.312,nan,nan,nan,nan,nan,nan
30.247878313064575,1.312,nan,nan,nan,nan,nan,nan
30.34576916694641,1.305919722222222,nan,nan,nan,nan,nan,1
30.36875891685486,1.2915066666666666,nan,nan,nan,nan,nan,nan
30.531112909317017,1.2817016666666665,nan,nan,nan,nan,nan,nan
30.555100202560425,1.2776236111111112,nan,nan,nan,nan,nan,nan
30.68799090385437,1.2615616666666667,nan,nan,nan,nan,nan,nan
30.70698094367981,1.2637994444444443,nan,nan,nan,nan,nan,nan
30.826202154159546,1.259,nan,nan,nan,nan,nan,nan
30.854186058044434,1.259,nan,nan,nan,nan,nan,nan
30.955066919326782,1.259,nan,nan,nan,nan,nan,nan
30.972059965133667,1.259,nan,nan,nan,nan,nan,1
31.121639013290405,1.2425866666666665,nan,nan,nan,nan,nan,nan
31.139634370803833,1.2515466666666666,nan,nan,nan,nan,nan,nan
31.281503200531006,1.21768,nan,nan,nan,nan,nan,nan
31.308485984802246,1.2110266666666667,nan,nan,nan,nan,nan,nan
31.42770552635193,1.211,nan,nan,nan,nan,nan,nan
31.45069146156311,1.211,nan,nan,nan,nan,nan,nan
31.541756868362427,1.184175,nan,nan,nan,nan,nan,1
31.554749250411987,1.1744625000000002,nan,nan,nan,nan,nan,nan
31.71517586708069,1.167,nan,nan,nan,nan,nan,nan
31.735164165496826,1.166,nan,nan,nan,nan,nan,nan
31.88166642189026,1.1377783333333333,nan,nan,nan,nan,nan,nan
32.02029776573181,1.1278383333333333,nan,nan,nan,nan,nan,nan
32.036288261413574,1.125645,nan,nan,nan,nan,nan,nan
32.16162419319153,1.124,nan,nan,nan,nan,nan,1
32.302550077438354,1.124,nan,nan,nan,nan,nan,nan
32.3265540599823,1.124,nan,nan,nan,nan,nan,nan
32.48228168487549,1.1238627777777779,nan,nan,nan,nan,nan,nan
32.505268573760986,1.1238944444444443,nan,nan,nan,nan,nan,nan
32.62295913696289,1.1088422222222223,nan,nan,nan,nan,nan,nan
32.648942947387695,1.1001866666666666,nan,nan,nan,nan,nan,nan
32.76790904998779,1.0955738888888888,nan,nan,nan,nan,nan,1
32.92209196090698,1.0868233333333333,nan,nan,nan,nan,nan,nan
32.94008111953735,1.086,nan,nan,nan,nan,nan,nan
33.0412540435791,1.086,nan,nan,nan,nan,nan,nan
33.0572943687439,1.086,nan,nan,nan,nan,nan,nan
33.19264578819275,1.0732144444444445,nan,nan,nan,nan,nan,nan
33.37145376205444,1.0548275,nan,nan,nan,nan,nan,1
33.40843224525452,1.0528027777777778,nan,nan,nan,nan,nan,nan
33.487271785736084,1.049,nan,nan,nan,nan,nan,nan
33.49726748466492,1.049,nan,nan,nan,nan,nan,nan
33.678661584854126,1.049,nan,nan,nan,nan,nan,nan
33.7046480178833,1.0480191666666667,nan,nan,nan,nan,nan,nan
33.82426333427429,1.026175,nan,nan,nan,nan,nan,nan
33.84425187110901,1.0221875,nan,nan,nan,nan,nan,1
33.953073263168335,1.01776,nan,nan,nan,nan,nan,nan
33.9810528755188,1.0174666666666667,nan,nan,nan,nan,nan,nan
34.11607098579407,1.0160183333333332,nan,nan,nan,nan,nan,nan
34.132068395614624,1.016,nan,nan,nan,nan,nan,nan
34.264098167419434,1.0156533333333333,nan,nan,nan,nan,nan,nan
34.29010844230652,1.015368888888889,nan,nan,nan,nan,nan,nan
34.408727407455444,0.9863200000000001,nan,nan,nan,nan,nan,nan
34.42172145843506,0.984,nan,nan,nan,nan,nan,nan
34.586710691452026,0.984,nan,nan,nan,nan,nan,nan
34.69849705696106,0.954,nan,nan,nan,nan,nan,nan
34.720479011535645,0.954,nan,nan,nan,nan,nan,nan
34.854742765426636,0.9523822222222222,nan,nan,nan,nan,nan,nan
34.86474967002869,0.9481822222222223,nan,nan,nan,nan,nan,nan
35.03127884864807,0.9298422222222221,nan,nan,nan,nan,nan,nan
35.05126404762268,0.9269877777777777,nan,nan,nan,nan,nan,nan
35.14216947555542,0.926,nan,nan,nan,nan,nan,nan
35.31191968917847,0.926,nan,nan,nan,nan,nan,nan
35.33126354217529,0.9258483333333334,nan,nan,nan,nan,nan,nan
35.451160192489624,0.9257977777777778,nan,nan,nan,nan,nan,nan
35.46914720535278,0.9252127777777778,nan,nan,nan,nan,nan,nan
35.626251459121704,0.9206483333333333,nan,nan,nan,nan,nan,nan
35.65123462677002,0.923371111111111,nan,nan,nan,nan,nan,nan
35.75456404685974,0.9036544444444445,nan,nan,nan,nan,nan,nan
35.7835431098938,0.90286,nan,nan,nan,nan,nan,nan
35.91431951522827,0.9002094444444444,nan,nan,nan,nan,nan,nan
35.940306186676025,0.9,nan,nan,nan,nan,nan,nan
36.0627863407135,0.895,nan,nan,nan,nan,nan,nan
36.081788539886475,0.8940625,nan,nan,nan,nan,nan,nan
36.19403958320618,0.8836319444444445,nan,nan,nan,nan,nan,nan
36.21003079414368,0.8795763888888889,nan,nan,nan,nan,nan,nan
36.34297275543213,0.8786041666666666,nan,nan,nan,nan,nan,nan
36.354968309402466,0.8790833333333333,nan,nan,nan,nan,nan,nan
36.507877349853516,0.8760486111111111,nan,nan,nan,nan,nan,nan
36.522868633270264,0.875,nan,nan,nan,nan,nan,nan
36.65679335594177,0.875,nan,nan,nan,nan,nan,nan
36.66878700256348,0.875,nan,nan,nan,nan,nan,nan
36.80270957946777,0.8613333333333334,nan,nan,nan,nan,nan,nan
36.831698417663574,0.8617333333333334,nan,nan,nan,nan,nan,nan
36.95562267303467,0.8567266666666666,nan,nan,nan,nan,nan,nan
37.09554052352905,0.85146,nan,nan,nan,nan,nan,nan
37.11652970314026,0.851,nan,nan,nan,nan,nan,nan
37.25644826889038,0.8504805555555556,nan,nan,nan,nan,nan,nan
37.41036033630371,0.84176,nan,nan,nan,nan,nan,nan
37.42335247993469,0.840983888888889,nan,nan,nan,nan,nan,nan
37.55027985572815,0.8343288888888889,nan,nan,nan,nan,nan,nan
37.69371938705444,0.8243494444444445,nan,nan,nan,nan,nan,nan
37.731696367263794,0.8249299999999999,nan,nan,nan,nan,nan,nan
37.854626417160034,0.8159711111111111,nan,nan,nan,nan,nan,nan
37.99827790260315,0.807,nan,nan,nan,nan,nan,nan
38.01626539230347,0.8059666666666667,nan,nan,nan,nan,nan,nan
38.16636395454407,0.7956611111111112,nan,nan,nan,nan,nan,nan
38.329171895980835,0.7940666666666667,nan,nan,nan,nan,nan,nan
38.35415768623352,0.7916333333333333,nan,nan,nan,nan,nan,nan
38.449512243270874,0.7880944444444444,nan,nan,nan,nan,nan,nan
38.62615203857422,0.7852108333333333,nan,nan,nan,nan,nan,nan
38.654134035110474,0.7792680555555556,nan,nan,nan,nan,nan,nan
38.759788274765015,0.76673,nan,nan,nan,nan,nan,nan
38.78477478027344,0.765645,nan,nan,nan,nan,nan,nan
38.93015480041504,0.75817,nan,nan,nan,nan,nan,nan
38.95314288139343,0.761455,nan,nan,nan,nan,nan,nan
39.04484748840332,0.75358,nan,nan,nan,nan,nan,nan
39.05684232711792,0.7495149999999999,nan,nan,nan,nan,nan,nan
39.22276067733765,0.7447699999999999,nan,nan,nan,nan,nan,nan
39.246744871139526,0.743355,nan,nan,nan,nan,nan,nan
39.360448122024536,0.732975,nan,nan,nan,nan,nan,nan
39.39240837097168,0.7342938888888889,nan,nan,nan,nan,nan,nan
39.51229548454285,0.7193911111111111,nan,nan,nan,nan,nan,nan
39.67007064819336,0.7146177777777778,nan,nan,nan,nan,nan,nan
39.6870596408844,0.7142666666666666,nan,nan,nan,nan,nan,nan
39.822192668914795,0.6997066666666667,nan,nan,nan,nan,nan,nan
39.84717845916748,0.6989511111111111,nan,nan,nan,nan,nan,nan
39.954450845718384,0.6909188888888889,nan,nan,nan,nan,nan,nan
39.97343945503235,0.6861777777777778,nan,nan,nan,nan,nan,nan
40.10682034492493,0.6776105555555556,nan,nan,nan,nan,nan,nan
40.12681031227112,0.6749272222222222,nan,nan,nan,nan,nan,nan
40.257405042648315,0.6682422222222223,nan,nan,nan,nan,nan,nan
40.28938603401184,0.6631455555555555,nan,nan,nan,nan,nan,nan
40.39282441139221,0.6627666666666666,nan,nan,nan,nan,nan,nan
40.404839277267456,0.6565794444444445,nan,nan,nan,nan,nan,nan
40.55593800544739,0.6519930555555555,nan,nan,nan,nan,nan,nan
40.56593084335327,0.65211,nan,nan,nan,nan,nan,nan
40.730353116989136,0.6393491666666666,nan,nan,nan,nan,nan,nan
40.758336305618286,0.6357597222222222,nan,nan,nan,nan,nan,nan
40.850003480911255,0.6300650000000001,nan,nan,nan,nan,nan,nan
41.0228385925293,0.6190169444444444,nan,nan,nan,nan,nan,nan
41.03982853889465,0.6153733333333333,nan,nan,nan,nan,nan,nan
41.165085554122925,0.6081952777777777,nan,nan,nan,nan,nan,nan
41.181092262268066,0.6061697222222223,nan,nan,nan,nan,nan,nan
41.32651972770691,0.5962427777777778,nan,nan,nan,nan,nan,nan
41.441619873046875,0.5852044444444444,nan,nan,nan,nan,nan,nan
41.4623646736145,0.5865658333333333,nan,nan,nan,nan,nan,nan
41.61279797554016,0.5786533333333334,nan,nan,nan,nan,nan,nan
41.62478971481323,0.5747452777777778,nan,nan,nan,nan,nan,nan
41.7655611038208,0.5678888888888889,nan,nan,nan,nan,nan,nan
41.782546520233154,0.5671825,nan,nan,nan,nan,nan,nan
41.894272804260254,0.5529491666666666,nan,nan,nan,nan,nan,nan
41.91326284408569,0.549475,nan,nan,nan,nan,nan,nan
42.032267332077026,0.5477886111111111,nan,nan,nan,nan,nan,nan
42.05525088310242,0.5402575000000001,nan,nan,nan,nan,nan,nan
42.1968879699707,0.5346749999999999,nan,nan,nan,nan,nan,nan
42.22388958930969,0.5324249999999999,nan,nan,nan,nan,nan,nan
42.39738583564758,0.5279711111111111,nan,nan,nan,nan,nan,nan
42.425368309020996,0.5267177777777777,nan,nan,nan,nan,nan,nan
42.490761518478394,0.5201741666666667,nan,nan,nan,nan,nan,nan
42.678088426589966,0.5134572222222222,nan,nan,nan,nan,nan,nan
42.703080892562866,0.5099827777777778,nan,nan,nan,nan,nan,nan
42.81116008758545,0.507625,nan,nan,nan,nan,nan,nan
42.82915019989014,0.5067244444444444,nan,nan,nan,nan,nan,nan
42.96502947807312,0.49967388888888886,nan,nan,nan,nan,nan,nan
42.98601531982422,0.4992497222222222,nan,nan,nan,nan,nan,nan
43.10294795036316,0.48861861111111116,nan,nan,nan,nan,nan,nan
43.12393617630005,0.4883988888888889,nan,nan,nan,nan,nan,nan
43.2599356174469,0.4867316666666667,nan,nan,nan,nan,nan,nan
43.28092002868652,0.48326416666666666,nan,nan,nan,nan,nan,nan
43.3903591632843,0.47439444444444445,nan,nan,nan,nan,nan,nan
43.41534876823425,0.47308999999999996,nan,nan,nan,nan,nan,nan
43.550190925598145,0.46795305555555555,nan,nan,nan,nan,nan,nan
43.580148696899414,0.4651325,nan,nan,nan,nan,nan,nan
43.69786620140076,0.46250583333333334,nan,nan,nan,nan,nan,nan
43.84636664390564,0.4552522222222222,nan,nan,nan,nan,nan,nan
43.877349615097046,0.4533983333333333,nan,nan,nan,nan,nan,nan
44.01282072067261,0.4452508333333333,nan,nan,nan,nan,nan,nan
44.03181052207947,0.4485908333333333,nan,nan,nan,nan,nan,nan
44.157753467559814,0.4408566666666667,nan,nan,nan,nan,nan,nan
44.18330240249634,0.43832472222222224,nan,nan,nan,nan,nan,nan
44.3028359413147,0.4294502777777778,nan,nan,nan,nan,nan,nan
44.319825649261475,0.42950972222222217,nan,nan,nan,nan,nan,nan
44.456679582595825,0.42024555555555554,nan,nan,nan,nan,nan,nan
44.48565936088562,0.41634583333333336,nan,nan,nan,nan,nan,nan
44.598599433898926,0.40592777777777783,nan,nan,nan,nan,nan,nan
44.61858248710632,0.40442777777777783,nan,nan,nan,nan,nan,nan
44.75750207901001,0.4011238888888889,0.41259385776806456,149,52,bathrooms,l,nan
44.77249360084534,0.39886916666666666,nan,nan,nan,nan,nan,nan
44.91441249847412,0.3925311111111111,nan,nan,nan,nan,nan,nan
44.926405906677246,0.3849208333333333,nan,nan,nan,nan,nan,nan
45.064725160598755,0.3844911111111111,nan,nan,nan,nan,nan,nan
45.08109140396118,0.39600083333333336,nan,nan,nan,nan,nan,nan
45.23116445541382,0.3895933333333333,nan,nan,nan,nan,nan,nan
45.253156423568726,0.38080861111111114,nan,nan,nan,nan,nan,nan
45.37168765068054,0.37988416666666663,nan,nan,nan,nan,nan,nan
45.38667941093445,0.37881611111111113,0.3815330631793396,95,18,bathrooms,l,nan
45.50969457626343,0.3386533333333333,nan,nan,nan,nan,nan,nan
45.53712272644043,0.3724325,nan,nan,nan,nan,nan,nan
45.66932034492493,0.33167027777777774,nan,nan,nan,nan,nan,nan
45.686328649520874,0.3392616666666667,nan,nan,nan,nan,nan,nan
45.848185300827026,0.3534994444444445,nan,nan,nan,nan,nan,nan
45.862178325653076,0.3270227777777778,nan,nan,nan,nan,nan,nan
45.988882541656494,0.3316383333333333,nan,nan,nan,nan,nan,nan
46.00887060165405,0.3038327777777778,nan,nan,nan,nan,nan,nan
46.1185462474823,0.7152897222222222,nan,nan,nan,nan,nan,nan
46.13853430747986,1.426463611111111,nan,nan,nan,nan,nan,1
46.26092457771301,0.5760822222222222,nan,nan,nan,nan,nan,nan
46.276915311813354,0.6716405555555556,nan,nan,nan,nan,nan,nan
46.409743785858154,0.6419644444444444,nan,nan,nan,nan,nan,nan
46.42575168609619,0.8060275,nan,nan,nan,nan,nan,nan
46.57421088218689,0.8437197222222222,nan,nan,nan,nan,nan,nan
46.59519076347351,0.7008775,nan,nan,nan,nan,nan,nan
46.74210023880005,0.9883122222222223,nan,nan,nan,nan,nan,nan
46.90723133087158,1.494181111111111,nan,nan,nan,nan,nan,1
46.93321752548218,0.9339669444444445,nan,nan,nan,nan,nan,nan
47.02047610282898,1.645610277777778,nan,nan,nan,nan,nan,nan
47.03512167930603,1.8856716666666666,nan,nan,nan,nan,nan,nan
47.18101644515991,0.6680508333333334,nan,nan,nan,nan,nan,nan
47.34913492202759,0.829456388888889,nan,nan,nan,nan,nan,nan
47.36513018608093,0.5706358333333333,nan,nan,nan,nan,nan,nan
47.48664164543152,0.5448516666666667,nan,nan,nan,nan,nan,nan
47.50962591171265,1.1430494444444443,nan,nan,nan,nan,nan,1
47.62728428840637,1.4240180555555555,nan,nan,nan,nan,nan,nan
47.7917377948761,0.9112266666666667,nan,nan,nan,nan,nan,nan
47.806729316711426,0.7663213888888889,nan,nan,nan,nan,nan,nan
47.91875648498535,0.5216008333333333,nan,nan,nan,nan,nan,nan
47.93598127365112,0.6943669444444445,nan,nan,nan,nan,nan,nan
48.10670614242554,1.4643916666666668,nan,nan,nan,nan,nan,nan
48.14369249343872,2.660775277777778,nan,nan,nan,nan,nan,nan
48.22441530227661,1.2794869444444443,nan,nan,nan,nan,nan,1
48.24040651321411,1.7360355555555556,nan,nan,nan,nan,nan,nan
48.36764311790466,3.5824558333333334,nan,nan,nan,nan,nan,nan
48.389633655548096,2.503276388888889,nan,nan,nan,nan,nan,nan
48.55117464065552,1.6248147222222222,nan,nan,nan,nan,nan,nan
48.69937705993652,1.9190505555555555,nan,nan,nan,nan,nan,nan
48.73835229873657,4.705799722222222,nan,nan,nan,nan,nan,nan
48.846439599990845,0.8306930555555556,nan,nan,nan,nan,nan,nan
49.00809693336487,1.4203891666666666,nan,nan,nan,nan,nan,1
49.03808045387268,1.4515541666666665,nan,nan,nan,nan,nan,nan
49.15876317024231,0.8867683333333333,nan,nan,nan,nan,nan,nan
49.1837477684021,0.8355005555555556,nan,nan,nan,nan,nan,nan
49.27364897727966,0.3709736111111111,nan,nan,nan,nan,nan,nan
49.28664517402649,0.9329855555555556,nan,nan,nan,nan,nan,nan
49.455148458480835,2.917464444444444,nan,nan,nan,nan,nan,nan
49.47813606262207,0.8964905555555556,nan,nan,nan,nan,nan,nan
49.58601641654968,0.5652491666666666,nan,nan,nan,nan,nan,nan
49.60700273513794,1.0361824999999998,nan,nan,nan,nan,nan,1
49.74188446998596,0.38585444444444444,nan,nan,nan,nan,nan,nan
49.90008473396301,0.6347372222222223,nan,nan,nan,nan,nan,nan
49.92806601524353,0.7280202777777778,nan,nan,nan,nan,nan,nan
50.02456998825073,0.7140566666666666,nan,nan,nan,nan,nan,nan
50.03954315185547,0.8794563888888889,nan,nan,nan,nan,nan,nan
50.1857385635376,1.4329222222222222,nan,nan,nan,nan,nan,nan
50.34821128845215,0.38654916666666667,nan,nan,nan,nan,nan,nan
50.36521601676941,1.7158122222222223,nan,nan,nan,nan,nan,nan
