times,z,d,h,v,nearest_labels,haptic_messages,buzzer_messages,chipTemperature,max6675Temperature,cpuTemperature
0.4968540668487549,0.0,nan,nan,nan,nan,nan,nan,38.23600387573242,23.5,59.9
1.4905149936676025,4.6426825,nan,nan,nan,nan,nan,nan,41.83568572998047,23.75,63.3
1.7195525169372559,4.422653055555555,nan,nan,nan,nan,nan,nan,42.69755935668945,22.25,63.3
2.196519136428833,3.8949522222222224,nan,nan,nan,nan,nan,nan,43.499290466308594,23.5,63.7
2.4675912857055664,2.9607369444444442,nan,nan,nan,nan,nan,nan,43.49858093261719,23.5,64.7
2.668769598007202,3.1265625,nan,nan,nan,nan,nan,nan,43.842464447021484,24.5,64.7
2.826559066772461,3.197411111111111,nan,nan,nan,nan,nan,nan,44.01337432861328,22.75,66.7
3.385814905166626,3.2023486111111112,nan,nan,nan,nan,nan,nan,44.69564437866211,25.0,66.7
3.5419039726257324,3.1779766666666664,nan,nan,nan,nan,nan,nan,44.866966247558594,23.25,67.2
3.646029472351074,3.1870108333333333,nan,nan,nan,nan,nan,nan,44.63887405395508,23.5,65.2
3.9564900398254395,3.1756575,nan,nan,nan,nan,nan,nan,45.26414489746094,25.5,66.7
4.355142116546631,3.1914219444444445,nan,nan,nan,nan,nan,nan,45.31962203979492,20.25,66.7
4.530637264251709,3.180551111111111,nan,nan,nan,nan,nan,nan,44.92350387573242,22.5,67.6
4.745126485824585,3.177612222222222,nan,nan,nan,nan,nan,nan,45.71685791015625,23.0,66.2
4.848796129226685,3.1797394444444445,nan,nan,nan,nan,nan,nan,45.773162841796875,24.5,66.7
5.000677824020386,3.158663888888889,nan,nan,nan,nan,nan,nan,45.7171516418457,23.25,67.6
5.375625371932983,3.190650833333333,nan,nan,nan,nan,nan,nan,46.0560302734375,23.5,68.1
5.445539236068726,3.195320833333333,nan,nan,nan,nan,nan,nan,45.88623809814453,22.5,69.6
5.527982711791992,3.191047777777778,nan,nan,nan,nan,nan,nan,45.83011245727539,23.5,68.1
5.6860551834106445,3.1855366666666667,nan,nan,nan,nan,nan,nan,46.1689338684082,21.5,69.1
5.788357257843018,3.169438611111111,nan,nan,nan,nan,nan,nan,46.226287841796875,23.5,69.1
5.88681697845459,3.118956388888889,nan,nan,nan,nan,nan,nan,45.999549865722656,23.0,69.6
5.956568479537964,3.0660233333333333,nan,nan,nan,nan,nan,nan,45.943599700927734,23.75,70.1
6.04817533493042,2.960125,nan,nan,nan,nan,nan,nan,46.226173400878906,23.75,68.6
6.4711949825286865,2.956495,nan,nan,nan,nan,nan,nan,46.39537811279297,26.5,70.1
6.557109117507935,3.1415780555555557,nan,nan,nan,nan,nan,nan,46.788692474365234,23.25,69.1
6.653271198272705,3.220667222222222,nan,nan,nan,nan,nan,nan,46.39520263671875,22.0,68.1
6.764232873916626,3.1476944444444444,nan,nan,nan,nan,nan,nan,46.564292907714844,22.5,70.1
6.902275800704956,3.167453611111111,nan,nan,nan,nan,nan,nan,46.33919143676758,22.75,70.6
7.003567218780518,3.1955711111111107,nan,nan,nan,nan,nan,nan,46.67578887939453,23.75,70.1
7.124211311340332,3.1776436111111113,nan,nan,nan,nan,nan,nan,46.45179748535156,25.25,70.1
7.577629804611206,3.175069722222222,nan,nan,nan,nan,nan,nan,46.451454162597656,24.0,69.6
7.665220022201538,3.1681433333333335,nan,nan,nan,nan,nan,nan,46.564292907714844,24.5,70.6
7.889928579330444,3.177150277777778,nan,nan,nan,nan,nan,nan,46.790096282958984,23.5,70.1
7.981403350830078,3.1554036111111112,nan,nan,nan,nan,nan,nan,46.789276123046875,22.5,71.1
8.095229387283325,3.1608255555555558,nan,nan,nan,nan,nan,nan,46.564292907714844,23.5,71.5
8.229687452316284,3.157665277777778,nan,nan,nan,nan,nan,nan,47.0705680847168,24.0,71.5
8.611051321029663,3.1814602777777776,nan,nan,nan,nan,nan,nan,47.23925018310547,23.25,71.1
8.715486526489258,3.192843611111111,nan,nan,nan,nan,nan,nan,47.35133361816406,22.75,70.6
8.851800441741943,3.189754444444444,nan,nan,nan,nan,nan,nan,46.845638275146484,22.75,71.1
8.977802515029907,3.1739608333333336,nan,nan,nan,nan,nan,nan,46.844886779785156,24.0,71.5
9.06296706199646,3.1838552777777775,nan,nan,nan,nan,nan,nan,47.239131927490234,22.75,72.0
9.143079996109009,3.1685963888888886,nan,nan,nan,nan,nan,nan,46.846046447753906,22.5,73.0
9.343018770217896,3.1874583333333333,nan,nan,nan,nan,nan,nan,46.7886962890625,21.5,73.0
9.780318260192871,3.137401111111111,nan,nan,nan,nan,nan,nan,47.12675476074219,25.0,72.5
9.943432569503784,3.1710244444444444,nan,nan,nan,nan,nan,nan,47.1831169128418,23.5,71.5
10.055341720581055,3.1716977777777777,nan,nan,nan,nan,nan,nan,46.84616470336914,24.25,71.5
10.180169582366943,3.1884883333333334,nan,nan,nan,nan,nan,nan,47.52018737792969,24.25,72.0
10.285280704498291,3.2252983333333334,nan,nan,nan,nan,nan,nan,47.35150909423828,24.5,73.0
10.42360258102417,3.187226388888889,nan,nan,nan,nan,nan,nan,47.406707763671875,22.5,72.5
10.763356924057007,3.1797555555555554,nan,nan,nan,nan,nan,nan,47.5767822265625,23.0,72.5
10.856935024261475,3.164298888888889,nan,nan,nan,nan,nan,nan,47.63250732421875,22.75,73.0
10.939351558685303,3.1610669444444444,nan,nan,nan,nan,nan,nan,47.744998931884766,24.0,72.0
11.004642009735107,3.184765,nan,nan,nan,nan,nan,nan,47.85668182373047,24.0,73.0
11.073981285095215,3.1532505555555552,nan,nan,nan,nan,nan,nan,47.800724029541016,26.75,73.0
11.135023355484009,3.167250277777778,nan,nan,nan,nan,nan,nan,47.9130973815918,24.0,73.0
11.242613792419434,3.179757222222222,nan,nan,nan,nan,nan,nan,47.96887969970703,25.25,71.5
11.39094352722168,3.1962633333333335,nan,nan,nan,nan,nan,nan,47.857086181640625,22.5,73.5
11.525623559951782,3.1746594444444445,nan,nan,nan,nan,nan,nan,47.91350555419922,22.75,74.0
11.93523383140564,3.1389944444444446,nan,nan,nan,nan,nan,nan,48.52745056152344,23.5,74.0
12.07994294166565,3.1735333333333333,nan,nan,nan,nan,nan,nan,47.6324462890625,24.5,74.5
12.157281875610352,3.1586444444444446,nan,nan,nan,nan,nan,nan,48.19281768798828,23.0,72.0
12.264869451522827,3.1717080555555555,nan,nan,nan,nan,nan,nan,48.1373291015625,22.5,73.5
12.331934213638306,3.184296111111111,nan,nan,nan,nan,nan,nan,47.744300842285156,23.5,73.5
12.416876316070557,3.1623333333333337,nan,nan,nan,nan,nan,nan,48.19258499145508,23.5,74.0
12.52733588218689,3.176976388888889,nan,nan,nan,nan,nan,nan,47.85655975341797,22.75,74.0
12.882816791534424,3.1662919444444446,nan,nan,nan,nan,nan,nan,48.0248908996582,21.75,73.5
12.96562647819519,3.1778619444444445,nan,nan,nan,nan,nan,nan,48.415775299072266,23.5,73.5
13.028918266296387,3.166151111111111,nan,nan,nan,nan,nan,nan,48.024078369140625,23.25,74.5
13.132522344589233,3.1825466666666666,nan,nan,nan,nan,nan,nan,48.2488899230957,25.0,74.0
13.19861388206482,3.127833888888889,nan,nan,nan,nan,nan,nan,48.02448654174805,24.0,73.5
13.329002380371094,3.138638611111111,nan,nan,nan,nan,nan,nan,48.19200897216797,24.75,74.5
13.415843486785889,3.161623888888889,nan,nan,nan,nan,nan,nan,48.24755859375,24.0,75.0
13.491783380508423,3.212286388888889,nan,nan,nan,nan,nan,nan,48.47230529785156,24.0,73.5
13.642968893051147,3.1705394444444446,nan,nan,nan,nan,nan,nan,48.415771484375,23.75,74.0
14.042227983474731,3.1464877777777778,nan,nan,nan,nan,nan,nan,48.527801513671875,22.5,73.5
14.188088417053223,3.1679855555555556,nan,nan,nan,nan,nan,nan,48.52716064453125,24.5,75.0
14.260802507400513,3.2000627777777777,nan,nan,nan,nan,nan,nan,48.639076232910156,25.0,75.0
14.318438053131104,3.1602791666666668,nan,nan,nan,nan,nan,nan,48.19281768798828,23.5,75.0
14.404551982879639,3.180968611111111,nan,nan,nan,nan,nan,nan,48.248714447021484,27.25,75.0
14.508515357971191,3.193634444444444,nan,nan,nan,nan,nan,nan,48.47277069091797,25.0,75.4
14.600723266601562,3.1505033333333334,nan,nan,nan,nan,nan,nan,48.19258499145508,23.5,75.0
14.742191791534424,3.1492519444444445,nan,nan,nan,nan,nan,nan,48.75098419189453,22.75,74.5
15.080749750137329,3.1377283333333335,nan,nan,nan,nan,nan,nan,48.360687255859375,25.25,75.9
15.186631441116333,3.15666,nan,nan,nan,nan,nan,nan,48.360050201416016,25.5,75.9
15.324568271636963,3.148848888888889,nan,nan,nan,nan,nan,nan,48.52745056152344,22.5,76.4
15.438117504119873,3.1816744444444445,nan,nan,nan,nan,nan,nan,48.24889373779297,25.0,75.0
15.537289142608643,3.158348611111111,nan,nan,nan,nan,nan,nan,48.416236877441406,23.5,75.4
15.580087661743164,3.162039722222222,nan,nan,nan,nan,nan,nan,48.52779769897461,24.25,75.4
15.653508424758911,3.1430425,nan,nan,nan,nan,nan,nan,48.806827545166016,24.25,74.0
15.74156379699707,3.2055758333333335,nan,nan,nan,nan,nan,nan,48.47178649902344,23.0,75.4
15.88615083694458,3.1824933333333334,nan,nan,nan,nan,nan,nan,48.63872528076172,23.25,76.4
16.23195505142212,3.156050833333333,nan,nan,nan,nan,nan,nan,48.5842170715332,23.25,76.4
16.313661098480225,3.147824722222222,nan,nan,nan,nan,nan,nan,48.91943359375,23.0,75.4
16.4263436794281,3.1586252777777775,nan,nan,nan,nan,nan,nan,48.8627815246582,23.25,75.4
16.55309295654297,3.1741374999999996,nan,nan,nan,nan,nan,nan,49.08562088012695,24.0,75.9
16.638152837753296,3.1665502777777776,nan,nan,nan,nan,nan,nan,48.91913986206055,23.75,75.4
16.75907850265503,3.170694166666667,nan,nan,nan,nan,nan,nan,49.14192199707031,24.0,76.4
16.860894680023193,3.145757222222222,nan,nan,nan,nan,nan,nan,48.75133514404297,23.0,76.9
16.91777992248535,3.1739391666666665,nan,nan,nan,nan,nan,nan,49.251583099365234,26.0,75.9
17.27199649810791,3.1338525,nan,nan,nan,nan,nan,nan,49.14227294921875,25.5,76.4
17.342448711395264,3.156448333333333,nan,nan,nan,nan,nan,nan,48.91891098022461,24.75,75.4
17.431196689605713,3.173987777777778,nan,nan,nan,nan,nan,nan,48.806480407714844,27.75,75.0
17.52354621887207,3.1929694444444445,nan,nan,nan,nan,nan,nan,48.75138854980469,22.25,75.4
17.605276584625244,3.1699724999999996,nan,nan,nan,nan,nan,nan,49.252967834472656,25.75,76.9
17.673285245895386,3.1465616666666665,nan,nan,nan,nan,nan,nan,49.03076171875,22.5,75.9
17.805410623550415,3.1901869444444446,nan,nan,nan,nan,nan,nan,49.141117095947266,22.25,76.4
17.945966005325317,3.1224011111111114,nan,nan,nan,nan,nan,nan,49.36396026611328,24.0,76.4
18.293277263641357,3.168775,nan,nan,nan,nan,nan,nan,49.30851745605469,24.25,76.9
18.33460283279419,3.153868055555556,nan,nan,nan,nan,nan,nan,49.47528839111328,26.75,76.9
18.417692184448242,3.16155,nan,nan,nan,nan,nan,nan,48.97486877441406,22.5,76.4
18.491124629974365,3.166205277777778,nan,nan,nan,nan,nan,nan,49.58685302734375,26.0,76.9
18.647120237350464,3.178869166666667,nan,nan,nan,nan,nan,nan,49.3072509765625,23.75,76.9
18.77470874786377,3.1554983333333335,nan,nan,nan,nan,nan,nan,49.586448669433594,23.25,76.4
18.953031301498413,3.164058611111111,nan,nan,nan,nan,nan,nan,49.19707107543945,25.0,76.4
19.36604404449463,3.1446727777777777,nan,nan,nan,nan,nan,nan,49.08613967895508,27.0,75.9
19.44356942176819,3.1767425,nan,nan,nan,nan,nan,nan,49.364356994628906,26.25,75.9
19.525441646575928,3.152965833333333,nan,nan,nan,nan,nan,nan,49.41979217529297,25.0,77.4
19.680619955062866,3.1506258333333337,nan,nan,nan,nan,nan,nan,49.19729995727539,23.25,76.9
19.829570531845093,3.1338761111111113,nan,nan,nan,nan,nan,nan,49.808998107910156,25.0,75.9
19.954777002334595,3.175265,nan,nan,nan,nan,nan,nan,49.41979217529297,22.25,76.9
20.326993703842163,3.154570833333333,nan,nan,nan,nan,nan,nan,49.308692932128906,23.25,77.4
20.42280864715576,3.1724775,nan,nan,nan,nan,nan,nan,49.64067459106445,25.5,75.9
20.534278869628906,3.159160277777778,nan,nan,nan,nan,nan,nan,49.75379180908203,24.0,76.4
20.680684566497803,3.1655105555555556,nan,nan,nan,nan,nan,nan,49.642578125,26.0,77.4
20.80841612815857,3.1073761111111113,nan,nan,nan,nan,nan,nan,49.863746643066406,24.0,76.9
20.932862997055054,3.191101388888889,nan,nan,nan,nan,nan,nan,49.5869140625,23.0,76.9
21.037495374679565,3.1601008333333334,nan,nan,nan,nan,nan,nan,49.64274978637695,24.5,77.4
21.491525173187256,3.138035,nan,nan,nan,nan,nan,nan,49.587257385253906,26.0,78.4
21.591221570968628,3.1515091666666666,nan,nan,nan,nan,nan,nan,49.419677734375,24.25,78.4
21.723629236221313,3.154299722222222,nan,nan,nan,nan,nan,nan,49.58563995361328,24.0,77.9
21.85576868057251,3.2030572222222222,nan,nan,nan,nan,nan,nan,49.91975402832031,26.5,77.4
21.94364356994629,3.143333888888889,nan,nan,nan,nan,nan,nan,49.64286422729492,23.5,77.4
22.019395351409912,3.157677777777778,nan,nan,nan,nan,nan,nan,49.91929626464844,25.75,77.9
22.135998725891113,3.1526530555555556,nan,nan,nan,nan,nan,nan,49.753334045410156,25.25,77.9
22.57011365890503,3.1769724999999998,nan,nan,nan,nan,nan,nan,49.7537956237793,28.5,76.9
22.68800115585327,3.142482222222222,nan,nan,nan,nan,nan,nan,49.753623962402344,23.5,77.4
22.75083875656128,3.1303516666666664,nan,nan,nan,nan,nan,nan,49.97588348388672,25.25,76.9
22.83971405029297,3.15671,nan,nan,nan,nan,nan,nan,49.53135681152344,24.75,75.4
22.92585039138794,3.200934722222222,nan,nan,nan,nan,nan,nan,49.69807434082031,26.5,77.4
23.010010719299316,3.1739236111111113,nan,nan,nan,nan,nan,nan,50.086524963378906,26.5,77.9
23.084149837493896,3.114462777777778,nan,nan,nan,nan,nan,nan,50.19647979736328,23.75,78.4
23.256680965423584,3.1921225,nan,nan,nan,nan,nan,nan,50.141212463378906,24.5,78.8
23.74088191986084,3.1541252777777777,nan,nan,nan,nan,nan,nan,50.08583450317383,26.25,76.9
23.875149726867676,3.124687222222222,nan,nan,nan,nan,nan,nan,50.30867385864258,24.75,77.4
23.980293035507202,3.1712519444444442,nan,nan,nan,nan,nan,nan,50.086238861083984,22.25,78.8
24.036842823028564,3.1952219444444445,nan,nan,nan,nan,nan,nan,50.14167404174805,23.75,77.4
24.10613179206848,3.1830969444444444,nan,nan,nan,nan,nan,nan,50.69574737548828,24.25,77.4
24.19497299194336,3.142418888888889,nan,nan,nan,nan,nan,nan,50.08675765991211,24.25,78.4
24.255845069885254,3.1722183333333334,nan,nan,nan,nan,nan,nan,50.363651275634766,25.75,78.4
24.401165008544922,3.128693888888889,nan,nan,nan,nan,nan,nan,50.363651275634766,27.75,77.9
24.730275869369507,3.151759166666667,nan,nan,nan,nan,nan,nan,50.196189880371094,24.75,78.4
24.830464124679565,3.1659069444444445,nan,nan,nan,nan,nan,nan,50.08687210083008,24.75,77.4
24.889538764953613,3.1690583333333335,nan,nan,nan,nan,nan,nan,50.08635330200195,24.0,78.4
24.98304533958435,3.1454580555555554,nan,nan,nan,nan,nan,nan,50.63882064819336,25.5,78.8
25.068819999694824,3.1417691666666663,nan,nan,nan,nan,nan,nan,50.25318145751953,24.25,77.9
25.11780309677124,3.1766900000000002,nan,nan,nan,nan,nan,nan,50.30723571777344,24.5,78.8
25.223084211349487,3.1588402777777778,nan,nan,nan,nan,nan,nan,50.36342239379883,24.5,78.8
25.313010215759277,3.1393127777777776,nan,nan,nan,nan,nan,nan,50.197052001953125,25.25,78.4
25.377291917800903,3.1640319444444445,nan,nan,nan,nan,nan,nan,50.19734191894531,26.5,77.9
25.459625482559204,3.1571558333333334,nan,nan,nan,nan,nan,nan,50.363651275634766,24.0,77.9
25.90186882019043,3.1305619444444446,nan,nan,nan,nan,nan,nan,50.69609451293945,26.0,78.4
26.057167053222656,3.1550363888888886,nan,nan,nan,nan,nan,nan,50.25271987915039,24.0,78.4
26.205507278442383,3.16525,nan,nan,nan,nan,nan,nan,50.25214385986328,23.25,77.9
26.29028844833374,3.1645877777777778,nan,nan,nan,nan,nan,nan,49.86449432373047,25.75,77.9
26.38295817375183,3.183870833333333,nan,nan,nan,nan,nan,nan,49.919525146484375,24.5,77.9
26.521494388580322,3.1855433333333334,nan,nan,nan,nan,nan,nan,50.52989959716797,23.5,77.9
26.966501235961914,3.166790555555555,nan,nan,nan,nan,nan,nan,50.41925811767578,24.5,77.4
27.070603370666504,3.121935555555556,nan,nan,nan,nan,nan,nan,50.63899230957031,24.5,79.8
27.193413496017456,3.151657777777778,nan,nan,nan,nan,nan,nan,50.80558395385742,25.25,77.9
27.33224105834961,3.1896597222222223,nan,nan,nan,nan,nan,nan,50.41931915283203,24.5,77.9
27.411788940429688,3.1408341666666666,nan,nan,nan,nan,nan,nan,50.418338775634766,25.75,77.9
27.516867637634277,3.1991175,nan,nan,nan,nan,nan,nan,50.4182243347168,26.5,78.4
27.61820960044861,3.1135183333333334,nan,nan,nan,nan,nan,nan,50.41902542114258,25.75,79.8
27.97223949432373,3.1466725,nan,nan,nan,nan,nan,nan,50.6400260925293,26.75,79.3
28.016300916671753,3.133137222222222,nan,nan,nan,nan,nan,nan,50.19745635986328,26.0,78.4
28.061382055282593,3.156516111111111,nan,nan,nan,nan,nan,nan,50.52938461303711,26.5,78.8
28.138834953308105,3.174599722222222,nan,nan,nan,nan,nan,nan,50.91657638549805,27.0,77.9
28.30016803741455,3.1713358333333335,nan,nan,nan,nan,nan,nan,50.75078582763672,24.25,79.3
28.452491998672485,3.1535372222222224,nan,nan,nan,nan,nan,nan,50.693912506103516,27.0,77.9
28.58715510368347,3.158108888888889,nan,nan,nan,nan,nan,nan,51.577735900878906,23.75,80.3
28.744508266448975,3.1241252777777775,nan,nan,nan,nan,nan,nan,50.53024673461914,25.0,77.9
29.107362747192383,3.1680188888888887,nan,nan,nan,nan,nan,nan,50.75038146972656,25.0,79.3
29.211780071258545,3.148475,nan,nan,nan,nan,nan,nan,51.30284881591797,24.75,79.8
29.306840419769287,3.1762722222222224,nan,nan,nan,nan,nan,nan,50.861083984375,23.75,78.8
29.369338274002075,3.1505461111111113,nan,nan,nan,nan,nan,nan,50.916229248046875,26.75,77.9
29.440804958343506,3.190185555555556,nan,nan,nan,nan,nan,nan,50.74946212768555,25.5,79.3
29.48799443244934,3.165182222222222,nan,nan,nan,nan,nan,nan,51.08202362060547,23.75,79.3
29.538578510284424,3.1723191666666666,nan,nan,nan,nan,nan,nan,50.74854278564453,24.5,79.3
29.58117175102234,3.1503325,nan,nan,nan,nan,nan,nan,50.91657638549805,24.5,79.3
29.623358726501465,3.1509205555555555,nan,nan,nan,nan,nan,nan,51.026126861572266,27.75,78.8
29.719853401184082,3.136257222222222,nan,nan,nan,nan,nan,nan,50.52903747558594,25.75,79.8
29.78623676300049,3.160110833333333,nan,nan,nan,nan,nan,nan,50.860511779785156,25.0,78.8
30.17318081855774,3.133423888888889,nan,nan,nan,nan,nan,nan,50.9713249206543,26.25,79.3
30.243335962295532,3.131985277777778,nan,nan,nan,nan,nan,nan,51.08168029785156,26.0,78.8
30.31696581840515,3.1432077777777776,nan,nan,nan,nan,nan,nan,51.02693176269531,22.5,79.3
30.40743923187256,3.147053055555556,nan,nan,nan,nan,nan,nan,51.08219528198242,27.75,79.3
30.47852635383606,3.147845277777778,nan,nan,nan,nan,nan,nan,51.02738952636719,27.0,79.8
30.56081986427307,3.1706633333333336,nan,nan,nan,nan,nan,nan,51.137516021728516,25.25,78.4
30.631611347198486,3.169013055555556,nan,nan,nan,nan,nan,nan,51.191123962402344,24.75,80.3
30.704014778137207,3.161807222222222,nan,nan,nan,nan,nan,nan,51.41332244873047,24.0,78.8
30.798686981201172,3.1676922222222226,nan,nan,nan,nan,nan,nan,51.63380432128906,25.5,79.3
31.26890540122986,3.131431666666667,nan,nan,nan,nan,nan,nan,51.02578353881836,24.5,79.3
31.396708250045776,3.1485955555555556,nan,nan,nan,nan,nan,nan,51.13786315917969,26.5,79.3
31.472553491592407,3.1566716666666665,nan,nan,nan,nan,nan,nan,51.413490295410156,24.75,79.3
31.590132236480713,3.173321388888889,nan,nan,nan,nan,nan,nan,51.52362060546875,25.0,78.8
31.69023561477661,3.130526388888889,nan,nan,nan,nan,nan,nan,51.63391876220703,23.0,79.3
31.782384157180786,3.1515069444444443,nan,nan,nan,nan,nan,nan,51.633460998535156,26.25,78.8
31.919624090194702,3.166036666666667,nan,nan,nan,nan,nan,nan,51.68775177001953,26.75,78.4
32.26700711250305,3.1533072222222223,nan,nan,nan,nan,nan,nan,51.412803649902344,26.0,79.3
32.310508251190186,3.151673333333333,nan,nan,nan,nan,nan,nan,51.24798583984375,26.25,79.3
32.35542035102844,3.140501111111111,nan,nan,nan,nan,nan,nan,51.24729919433594,26.75,79.3
32.396225929260254,3.1216519444444444,nan,nan,nan,nan,nan,nan,51.13654327392578,26.5,80.3
32.46519637107849,3.1026350000000003,nan,nan,nan,nan,nan,nan,51.412803649902344,26.75,80.8
32.50808811187744,3.173573611111111,nan,nan,nan,nan,nan,nan,51.633689880371094,25.5,79.8
32.5622284412384,3.1639725,nan,nan,nan,nan,nan,nan,51.192726135253906,26.25,79.3
32.68935036659241,3.184086944444444,nan,nan,nan,nan,nan,nan,51.19306945800781,23.75,78.8
32.807668924331665,3.161490833333333,nan,nan,nan,nan,nan,nan,51.46767044067383,26.75,80.3
32.897624015808105,3.1575627777777777,nan,nan,nan,nan,nan,nan,51.026588439941406,25.75,80.3
33.05591893196106,3.1420105555555558,nan,nan,nan,nan,nan,nan,51.79850769042969,27.25,79.8
33.398735761642456,3.192341388888889,nan,nan,nan,nan,nan,nan,51.46778106689453,25.25,79.8
33.46024131774902,3.1357013888888887,nan,nan,nan,nan,nan,nan,51.63151550292969,28.25,78.8
33.640763998031616,3.1329841666666667,nan,nan,nan,nan,nan,nan,51.35799789428711,26.0,79.8
33.797232151031494,3.1360808333333337,nan,nan,nan,nan,nan,nan,51.57842254638672,25.0,80.3
33.91153359413147,3.1265180555555556,nan,nan,nan,nan,nan,nan,51.30244827270508,24.0,80.3
33.99279522895813,3.161143611111111,nan,nan,nan,nan,nan,nan,51.633522033691406,29.0,79.3
34.08690524101257,3.166203611111111,nan,nan,nan,nan,nan,nan,51.68861389160156,25.25,80.8
34.45458126068115,3.1209444444444445,nan,nan,nan,nan,nan,nan,51.35799789428711,25.0,80.8
34.507389307022095,3.143135555555556,nan,nan,nan,nan,nan,nan,51.63391876220703,27.75,80.8
34.59037661552429,3.1488855555555557,nan,nan,nan,nan,nan,nan,52.01824951171875,25.5,81.3
34.722556591033936,3.1716594444444444,nan,nan,nan,nan,nan,nan,51.6329460144043,26.0,80.8
34.81667423248291,3.1643738888888886,nan,nan,nan,nan,nan,nan,51.41291809082031,25.75,79.8
34.97144961357117,3.134072777777778,nan,nan,nan,nan,nan,nan,51.79827880859375,26.0,81.3
35.12480115890503,3.1682625,nan,nan,nan,nan,nan,nan,51.74250030517578,27.0,80.8
35.53705191612244,3.1820872222222225,nan,nan,nan,nan,nan,nan,51.52293395996094,27.0,78.8
35.63711953163147,3.1438797222222226,nan,nan,nan,nan,nan,nan,51.46800994873047,24.0,79.8
35.71066093444824,3.141842222222222,nan,nan,nan,nan,nan,nan,51.57825469970703,25.75,79.8
35.78687310218811,3.1505705555555554,nan,nan,nan,nan,nan,nan,51.796451568603516,22.5,79.3
35.86421489715576,3.1134444444444442,nan,nan,nan,nan,nan,nan,51.906917572021484,26.5,80.8
35.90746593475342,3.1847077777777777,nan,nan,nan,nan,nan,nan,51.90909194946289,27.25,80.8
35.9516818523407,3.1136325,nan,nan,nan,nan,nan,nan,52.073402404785156,25.25,80.3
35.99140667915344,3.174845,nan,nan,nan,nan,nan,nan,52.18273162841797,25.25,79.8
36.032814025878906,3.135200277777778,nan,nan,nan,nan,nan,nan,51.85382843017578,25.25,80.3
36.11800503730774,3.1385702777777778,nan,nan,nan,nan,nan,nan,51.57859802246094,26.5,80.3
36.18387722969055,3.180683611111111,nan,nan,nan,nan,nan,nan,51.742042541503906,29.0,80.8
36.61436343193054,3.154571388888889,nan,nan,nan,nan,nan,nan,51.6322021484375,25.75,79.8
36.71301770210266,3.1533091666666664,nan,nan,nan,nan,nan,nan,52.01865005493164,26.25,80.3
36.79713010787964,3.184878888888889,nan,nan,nan,nan,nan,nan,52.1278076171875,25.0,80.8
36.87515997886658,3.1640349999999997,nan,nan,nan,nan,nan,nan,51.90806579589844,23.75,81.3
37.00910687446594,3.1057755555555553,nan,nan,nan,nan,nan,nan,51.63380432128906,24.0,81.8
37.111464977264404,3.1924050000000004,nan,nan,nan,nan,nan,nan,52.01819610595703,25.0,81.3
37.24976301193237,3.1079055555555555,nan,nan,nan,nan,nan,nan,52.016761779785156,24.25,80.3
37.68532156944275,3.1543336111111113,nan,nan,nan,nan,nan,nan,51.74244689941406,27.0,80.3
37.752721548080444,3.1512252777777774,nan,nan,nan,nan,nan,nan,52.128089904785156,25.0,80.8
37.82683086395264,3.165718611111111,nan,nan,nan,nan,nan,nan,52.073341369628906,26.5,80.3
37.90625524520874,3.1350233333333337,nan,nan,nan,nan,nan,nan,51.96332550048828,26.25,79.8
37.99245572090149,3.1372561111111112,nan,nan,nan,nan,nan,nan,51.90754699707031,26.0,80.8
38.1113166809082,3.1866194444444447,nan,nan,nan,nan,nan,nan,52.238277435302734,25.25,80.8
38.247673749923706,3.170018888888889,nan,nan,nan,nan,nan,nan,52.2921142578125,24.5,80.8
38.363525390625,3.148243611111111,nan,nan,nan,nan,nan,nan,52.292457580566406,27.75,82.3
38.78343939781189,3.197428611111111,nan,nan,nan,nan,nan,nan,52.236961364746094,22.75,80.3
38.85788011550903,3.1430266666666666,nan,nan,nan,nan,nan,nan,51.96189880371094,25.0,79.3
38.921722173690796,3.171490277777778,nan,nan,nan,nan,nan,nan,52.40092468261719,27.25,79.8
38.98782992362976,3.172425,nan,nan,nan,nan,nan,nan,52.128204345703125,26.5,80.8
39.066035747528076,3.1589947222222223,nan,nan,nan,nan,nan,nan,52.12889099121094,23.5,82.3
39.16074180603027,3.1804230555555555,nan,nan,nan,nan,nan,nan,52.457275390625,26.5,80.8
39.25497627258301,3.171071388888889,nan,nan,nan,nan,nan,nan,52.34674835205078,25.0,79.8
39.39400911331177,3.157168611111111,nan,nan,nan,nan,nan,nan,51.797821044921875,25.75,80.3
39.79443860054016,3.1594127777777774,nan,nan,nan,nan,nan,nan,52.183013916015625,25.0,80.3
39.85478901863098,3.1817091666666664,nan,nan,nan,nan,nan,nan,52.12877655029297,27.75,81.3
39.9078209400177,3.1600622222222223,nan,nan,nan,nan,nan,nan,52.07231903076172,25.0,79.8
40.01068139076233,3.1364919444444443,nan,nan,nan,nan,nan,nan,52.34823226928711,26.75,80.3
40.14842176437378,3.1691783333333334,nan,nan,nan,nan,nan,nan,52.34686279296875,26.25,80.8
40.34044575691223,3.172703333333333,nan,nan,nan,nan,nan,nan,52.12843322753906,25.25,81.3
40.43492650985718,3.1708544444444446,nan,nan,nan,nan,nan,nan,52.6218147277832,28.5,81.3
40.807106733322144,3.1732127777777777,nan,nan,nan,nan,nan,nan,52.56671905517578,25.5,81.3
40.87245321273804,3.1807641666666666,nan,nan,nan,nan,nan,nan,52.40264129638672,28.0,80.8
40.9607994556427,3.147828055555556,nan,nan,nan,nan,nan,nan,51.96327209472656,23.5,80.3
41.042497873306274,3.143241666666667,nan,nan,nan,nan,nan,nan,52.29365539550781,25.75,80.8
41.11173224449158,3.143429166666667,nan,nan,nan,nan,nan,nan,52.182952880859375,28.75,80.8
41.1700541973114,3.1737555555555557,nan,nan,nan,nan,nan,nan,52.237762451171875,25.75,81.3
41.290623903274536,3.1570183333333333,nan,nan,nan,nan,nan,nan,52.511680603027344,26.25,80.8
41.43032169342041,3.188170833333333,nan,nan,nan,nan,nan,nan,52.12775421142578,27.75,81.8
41.545398473739624,3.1420944444444445,nan,nan,nan,nan,nan,nan,52.29199981689453,25.75,81.3
41.96393918991089,3.1329338888888887,nan,nan,nan,nan,nan,nan,52.01847839355469,25.5,80.8
42.0547308921814,3.1548133333333337,nan,nan,nan,nan,nan,nan,52.7303466796875,25.25,81.8
42.11535406112671,3.1697094444444445,nan,nan,nan,nan,nan,nan,52.45756149291992,25.75,81.3
42.205769538879395,3.123391388888889,nan,nan,nan,nan,nan,nan,52.94866180419922,24.75,81.3
42.257842779159546,3.1350455555555556,nan,nan,nan,nan,nan,nan,52.292510986328125,27.25,80.8
42.314162254333496,3.183450277777778,nan,nan,nan,nan,nan,nan,52.95082473754883,26.25,81.3
42.3639132976532,3.1685486111111114,nan,nan,nan,nan,nan,nan,52.4018440246582,27.5,80.3
42.42078399658203,3.154276388888889,nan,nan,nan,nan,nan,nan,53.060550689697266,25.25,80.3
42.46988821029663,3.130935,nan,nan,nan,nan,nan,nan,52.29279708862305,26.75,81.3
42.52224135398865,3.1548594444444444,nan,nan,nan,nan,nan,nan,52.895164489746094,26.75,82.3
42.58436346054077,3.157677222222222,nan,nan,nan,nan,nan,nan,52.45779037475586,25.25,80.3
42.98681569099426,3.153626111111111,nan,nan,nan,nan,nan,nan,52.62164306640625,25.25,80.8
43.10637164115906,3.154358888888889,nan,nan,nan,nan,nan,nan,52.841209411621094,28.0,80.8
43.24408531188965,3.1616002777777776,nan,nan,nan,nan,nan,nan,52.40264129638672,25.5,81.3
43.36020040512085,3.169471388888889,nan,nan,nan,nan,nan,nan,52.62095642089844,26.25,80.8
43.50587344169617,3.1709894444444444,nan,nan,nan,nan,nan,nan,52.29296875,28.0,81.3
43.64435648918152,3.1641222222222223,nan,nan,nan,nan,nan,nan,53.00511932373047,25.0,81.8
44.05751609802246,3.152163333333333,nan,nan,nan,nan,nan,nan,53.00477981567383,26.5,82.3
44.149632692337036,3.1540730555555556,nan,nan,nan,nan,nan,nan,52.72931671142578,28.0,81.8
44.19242286682129,3.1402847222222223,nan,nan,nan,nan,nan,nan,52.34760284423828,25.25,79.8
44.26069450378418,3.119485,nan,nan,nan,nan,nan,nan,52.45574188232422,25.5,81.3
44.353766679763794,3.1490591666666665,nan,nan,nan,nan,nan,nan,52.78651809692383,28.0,81.3
44.422194719314575,3.158551388888889,nan,nan,nan,nan,nan,nan,52.128257751464844,26.75,81.3
44.47196555137634,3.1911072222222225,nan,nan,nan,nan,nan,nan,52.45767593383789,24.5,80.8
44.58147430419922,3.170616111111111,nan,nan,nan,nan,nan,nan,52.841270446777344,25.5,81.3
44.703070640563965,3.1295355555555555,nan,nan,nan,nan,nan,nan,52.731197357177734,27.0,80.8
45.130186557769775,3.134415,nan,nan,nan,nan,nan,nan,52.62175369262695,26.5,81.3
45.25058913230896,3.1713216666666666,nan,nan,nan,nan,nan,nan,52.621124267578125,26.0,82.3
45.35645866394043,3.1466877777777778,nan,nan,nan,nan,nan,nan,52.84086990356445,27.75,82.3
45.41249871253967,3.165617222222222,nan,nan,nan,nan,nan,nan,52.78583526611328,27.75,81.3
45.54495930671692,3.1907816666666666,nan,nan,nan,nan,nan,nan,52.67695999145508,26.75,81.3
45.66739773750305,3.1297449999999998,nan,nan,nan,nan,nan,nan,52.73188018798828,27.75,81.3
45.74520516395569,3.169267777777778,nan,nan,nan,nan,nan,nan,52.84086990356445,25.75,81.3
46.23030996322632,3.121798611111111,nan,nan,nan,nan,nan,nan,52.6218147277832,24.25,81.8
46.38207936286926,3.1417322222222226,nan,nan,nan,nan,nan,nan,53.16954040527344,26.25,81.3
46.52074599266052,3.155926111111111,nan,nan,nan,nan,nan,nan,52.95003128051758,26.75,80.8
46.61223530769348,3.122733888888889,nan,nan,nan,nan,nan,nan,52.84086990356445,25.75,80.3
46.78343152999878,3.158268055555556,nan,nan,nan,nan,nan,nan,52.78628921508789,23.75,82.3
47.24449563026428,3.1342238888888887,nan,nan,nan,nan,nan,nan,53.11399841308594,26.75,81.8
47.3168568611145,3.126822777777778,nan,nan,nan,nan,nan,nan,52.4024658203125,27.0,80.3
47.44132041931152,3.139071388888889,nan,nan,nan,nan,nan,nan,53.058284759521484,27.75,80.3
47.507264375686646,3.139861944444444,nan,nan,nan,nan,nan,nan,53.33226013183594,25.0,81.3
47.628180265426636,3.1681188888888885,nan,nan,nan,nan,nan,nan,52.67610168457031,24.75,82.3
47.78263735771179,3.149568888888889,nan,nan,nan,nan,nan,nan,52.89522171020508,25.5,81.8
47.930628538131714,3.1586841666666663,nan,nan,nan,nan,nan,nan,53.22344207763672,28.25,80.3
48.356423139572144,3.1399025000000003,nan,nan,nan,nan,nan,nan,52.730857849121094,28.75,81.8
48.476898193359375,3.15031,nan,nan,nan,nan,nan,nan,53.11479187011719,26.25,81.3
48.60198402404785,3.1628736111111113,nan,nan,nan,nan,nan,nan,53.22264862060547,28.0,82.3
48.74546003341675,3.1404377777777777,nan,nan,nan,nan,nan,nan,52.89556121826172,25.5,81.8
48.87593984603882,3.140950277777778,nan,nan,nan,nan,nan,nan,52.51265335083008,27.75,82.3
49.09926080703735,3.157976111111111,nan,nan,nan,nan,nan,nan,52.89556121826172,27.0,82.7
49.47811007499695,3.166091111111111,nan,nan,nan,nan,nan,nan,53.00511932373047,26.5,82.7
49.6007354259491,3.1464161111111113,nan,nan,nan,nan,nan,nan,53.059757232666016,30.0,80.3
49.7142436504364,3.1456633333333333,nan,nan,nan,nan,nan,nan,53.06003952026367,28.5,80.3
49.869505405426025,3.178198611111111,nan,nan,nan,nan,nan,nan,52.840187072753906,25.0,81.8
49.997408390045166,3.165849722222222,nan,nan,nan,nan,nan,nan,52.731937408447266,25.0,81.8
50.18069052696228,3.1462975,nan,nan,nan,nan,nan,nan,52.95071029663086,25.75,81.3
50.55778241157532,3.1626286111111113,nan,nan,nan,nan,nan,nan,53.11467742919922,29.0,82.3
50.61218762397766,3.153400833333333,nan,nan,nan,nan,nan,nan,52.89601516723633,28.25,82.3
50.678826332092285,3.150948055555556,nan,nan,nan,nan,nan,nan,53.11445236206055,27.25,81.3
50.77214694023132,3.1342194444444442,nan,nan,nan,nan,nan,nan,53.11445236206055,27.75,80.8
50.84566140174866,3.1485025,nan,nan,nan,nan,nan,nan,53.168975830078125,28.0,82.3
50.90263080596924,3.1318091666666663,nan,nan,nan,nan,nan,nan,53.16891860961914,27.75,80.8
50.96910905838013,3.0940930555555557,nan,nan,nan,nan,nan,nan,53.059532165527344,27.5,82.3
51.10883450508118,3.1409055555555554,nan,nan,nan,nan,nan,nan,53.058963775634766,25.75,81.3
51.24305510520935,3.1316730555555554,nan,nan,nan,nan,nan,nan,52.9504280090332,26.25,80.8
51.59831118583679,3.129204166666667,nan,nan,nan,nan,nan,nan,53.55143356323242,26.75,81.8
51.642433166503906,3.151552777777778,nan,nan,nan,nan,nan,nan,53.16914367675781,28.0,82.3
51.792471408843994,3.1312205555555557,nan,nan,nan,nan,nan,nan,53.27864456176758,26.5,81.8
51.92200803756714,3.1602141666666665,nan,nan,nan,nan,nan,nan,53.1147346496582,26.5,81.8
52.09141731262207,3.149393611111111,nan,nan,nan,nan,nan,nan,53.16908645629883,25.5,81.8
52.152745723724365,3.095407777777778,nan,nan,nan,nan,nan,nan,53.330726623535156,25.5,81.3
52.207852602005005,3.1710780555555558,nan,nan,nan,nan,nan,nan,53.496055603027344,28.0,81.8
52.260289907455444,3.166888611111111,nan,nan,nan,nan,nan,nan,53.33248519897461,27.25,82.7
52.69594931602478,3.1398544444444445,nan,nan,nan,nan,nan,nan,53.16761016845703,25.75,80.8
52.74775958061218,3.1538552777777777,nan,nan,nan,nan,nan,nan,53.49577331542969,27.5,81.3
52.822437047958374,3.1028125,nan,nan,nan,nan,nan,nan,53.16942596435547,27.0,82.3
52.95216345787048,3.178201111111111,nan,nan,nan,nan,nan,nan,52.7861213684082,25.75,82.3
53.05871939659119,3.146796111111111,nan,nan,nan,nan,nan,nan,53.00511932373047,24.25,80.3
53.19597005844116,3.127626111111111,nan,nan,nan,nan,nan,nan,53.33277130126953,26.0,81.3
53.28771090507507,3.1437502777777775,nan,nan,nan,nan,nan,nan,53.49673843383789,26.5,81.8
53.763514280319214,3.164058333333333,nan,nan,nan,nan,nan,nan,53.33231735229492,30.25,81.8
53.870121002197266,3.1443016666666668,nan,nan,nan,nan,nan,nan,53.33311080932617,25.75,81.8
53.98417568206787,3.1555633333333337,nan,nan,nan,nan,nan,nan,53.4941291809082,25.5,81.8
54.05594778060913,3.16678,nan,nan,nan,nan,nan,nan,53.386898040771484,26.75,81.3
54.1007022857666,3.144610277777778,nan,nan,nan,nan,nan,nan,53.169822692871094,27.0,82.7
54.345146894454956,3.1654466666666665,nan,nan,nan,nan,nan,nan,52.895450592041016,30.25,82.7
54.71395921707153,3.1680252777777778,nan,nan,nan,nan,nan,nan,53.496910095214844,25.75,81.3
54.7804970741272,3.1203511111111113,nan,nan,nan,nan,nan,nan,53.551490783691406,25.25,82.3
54.866960287094116,3.1647077777777777,nan,nan,nan,nan,nan,nan,53.33209228515625,26.25,82.3
54.917978048324585,3.133148888888889,nan,nan,nan,nan,nan,nan,53.22423553466797,26.75,81.8
55.01240634918213,3.134367222222222,nan,nan,nan,nan,nan,nan,53.71403884887695,26.0,81.8
55.069788455963135,3.154656666666667,nan,nan,nan,nan,nan,nan,53.8226318359375,26.0,81.8
55.11914825439453,3.1497961111111112,nan,nan,nan,nan,nan,nan,53.27830505371094,26.0,81.3
55.17974138259888,3.151364722222222,nan,nan,nan,nan,nan,nan,53.65974044799805,29.0,81.8
55.24376153945923,3.0967722222222225,nan,nan,nan,nan,nan,nan,53.49730682373047,26.5,81.8
55.29104781150818,3.144633333333333,nan,nan,nan,nan,nan,nan,53.98795700073242,27.0,80.8
55.34134554862976,3.140099166666667,nan,nan,nan,nan,nan,nan,53.059532165527344,27.25,81.3
55.39363169670105,3.1542930555555553,nan,nan,nan,nan,nan,nan,53.98784637451172,29.25,81.3
55.75260138511658,3.109761388888889,nan,nan,nan,nan,nan,nan,53.442100524902344,28.75,81.3
55.84660315513611,3.134176666666667,nan,nan,nan,nan,nan,nan,53.33345413208008,27.0,82.3
55.951921224594116,3.1384783333333335,nan,nan,nan,nan,nan,nan,53.66075897216797,26.5,81.8
56.083759784698486,3.156905,nan,nan,nan,nan,nan,nan,53.605445861816406,26.25,82.3
56.241129636764526,3.1719880555555555,nan,nan,nan,nan,nan,nan,53.550411224365234,25.5,81.3
56.378220558166504,3.1984074999999996,nan,nan,nan,nan,nan,nan,53.605613708496094,26.0,81.3
56.49985337257385,3.154557222222222,nan,nan,nan,nan,nan,nan,53.60595703125,28.25,83.2
56.88251233100891,3.1196266666666665,nan,nan,nan,nan,nan,nan,53.769412994384766,28.0,81.8
56.99130868911743,3.1248302777777774,nan,nan,nan,nan,nan,nan,53.66007995605469,25.75,81.3
57.129008531570435,3.1380708333333334,nan,nan,nan,nan,nan,nan,53.387916564941406,26.5,81.8
57.252734661102295,3.092630833333333,nan,nan,nan,nan,nan,nan,53.606239318847656,28.5,81.8
57.41608667373657,3.132571111111111,nan,nan,nan,nan,nan,nan,53.49702453613281,25.5,81.3
57.48747539520264,3.142521388888889,nan,nan,nan,nan,nan,nan,53.22344207763672,29.25,81.8
57.63574290275574,3.1091944444444444,nan,nan,nan,nan,nan,nan,53.27853012084961,28.25,81.3
57.998557329177856,3.1569480555555556,nan,nan,nan,nan,nan,nan,53.33231735229492,26.25,82.3
58.04592752456665,3.1849019444444444,nan,nan,nan,nan,nan,nan,53.496910095214844,27.75,81.3
58.13251495361328,3.1621725,nan,nan,nan,nan,nan,nan,53.82427215576172,25.0,81.3
58.23113417625427,3.160781666666667,nan,nan,nan,nan,nan,nan,53.71454620361328,27.5,81.3
58.30202627182007,3.1638872222222223,nan,nan,nan,nan,nan,nan,53.82433319091797,26.5,81.3
